sigla,nome,area,endereco,telefone,lat,lng
CT Centro,Conselho Tutelar Centro,assistencia-social,"R. Sete de Abril, 165 - Centro, São Paulo, SP 01043-020","(11) 3397-8900",
CT Bom Retiro,Conselho Tutelar Bom Retiro,assistencia-social,"R. Barão de Jaceguai, 185 - Bom Retiro, São Paulo, SP 01310-200","(11) 2223-6900",
CT Brás,Conselho Tutelar Brás,assistencia-social,"Av. Rangel Pestana, 1050 - Brás, São Paulo, SP 03502-000","(11) 2092-3400",
CT Belém,Conselho Tutelar Belém,assistencia-social,"R. Apa, 131 - Belém, São Paulo, SP 03041-000","(11) 2088-7700",
CT Cambuci,Conselho Tutelar Cambuci,assistencia-social,"R. Alenquer, 100 - Cambuci, São Paulo, SP 01315-030","(11) 3119-7700",
CT Pari,Conselho Tutelar Pari,assistencia-social,"R. Miquelina, 48 - Pari, São Paulo, SP 03020-000","(11) 2031-3300",
CT Santa Cecília,Conselho Tutelar Santa Cecília,assistencia-social,"R. Mato Grosso, 400 - Santa Cecília, São Paulo, SP 01239-040","(11) 3231-9500",
CT Sé,Conselho Tutelar Sé,assistencia-social,"Av. Senador Queirós, 154 - Sé, São Paulo, SP 01015-020","(11) 3323-9400",
CT Aricanduva,Conselho Tutelar Aricanduva,assistencia-social,"Av. Aricanduva, 1651 - Aricanduva, São Paulo, SP 03370-000","(11) 2512-5600",
CT Cangaíba,Conselho Tutelar Cangaíba,assistencia-social,"R. Jamil Nassif Abib, 100 - Cangaíba, São Paulo, SP 03610-000","(11) 2028-7800",
CT Carrão,Conselho Tutelar Carrão,assistencia-social,"R. Colibri, 200 - Carrão, São Paulo, SP 03470-000","(11) 2639-8700",
CT Cidade Líder,Conselho Tutelar Cidade Líder,assistencia-social,"R. Viena, 400 - Cidade Líder, São Paulo, SP 03680-000","(11) 2052-4500",
CT Colina,Conselho Tutelar Colina,assistencia-social,"R. Açucena, 150 - Colina, São Paulo, SP 03790-000","(11) 2546-3200",
CT Ermelino Matarazzo,Conselho Tutelar Ermelino Matarazzo,assistencia-social,"Av. Salim Farah Maluf, 1800 - Ermelino Matarazzo, São Paulo, SP 03824-000","(11) 2546-6700",
CT Guaianazes,Conselho Tutelar Guaianazes,assistencia-social,"R. Guaraúna, 500 - Guaianazes, São Paulo, SP 08530-000","(11) 2028-7900",
CT Itaim Paulista,Conselho Tutelar Itaim Paulista,assistencia-social,"R. Cairu, 50 - Itaim Paulista, São Paulo, SP 08230-000","(11) 2028-8100",
CT Itaquera,Conselho Tutelar Itaquera,assistencia-social,"R. Padre Manoel de Paiva, 300 - Itaquera, São Paulo, SP 08220-030","(11) 2028-7700",
CT Lajeado,Conselho Tutelar Lajeado,assistencia-social,"Av. Dr. Assis Ribeiro, 600 - Lajeado, São Paulo, SP 03820-000","(11) 2546-6800",
CT Miguel Couto,Conselho Tutelar Miguel Couto,assistencia-social,"R. Comendador Ermelindo Matarazzo, 280 - Miguel Couto, São Paulo, SP 08640-000","(11) 2546-5900",
CT Mooca,Conselho Tutelar Mooca,assistencia-social,"R. Vergueiro, 2000 - Mooca, São Paulo, SP 03164-000","(11) 3018-1100",
CT Parque do Carmo,Conselho Tutelar Parque do Carmo,assistencia-social,"R. Aracuaia, 100 - Parque do Carmo, São Paulo, SP 03548-020","(11) 2546-0400",
CT Penha,Conselho Tutelar Penha,assistencia-social,"R. Belém, 500 - Penha, São Paulo, SP 03100-120","(11) 2088-7800",
CT Ponte Rasa,Conselho Tutelar Ponte Rasa,assistencia-social,"Av. João Paulo I, 1500 - Ponte Rasa, São Paulo, SP 03304-000","(11) 2087-9000",
CT São Mateus,Conselho Tutelar São Mateus,assistencia-social,"R. Ituiutaba, 350 - São Mateus, São Paulo, SP 04210-000","(11) 5541-2600",
CT Sapopemba,Conselho Tutelar Sapopemba,assistencia-social,"R. Ilhas Marquisas, 300 - Sapopemba, São Paulo, SP 03285-000","(11) 2619-3600",
CT Tatuapé,Conselho Tutelar Tatuapé,assistencia-social,"R. São Bento, 850 - Tatuapé, São Paulo, SP 03319-900","(11) 2032-8500",
CT Vila Curuçá,Conselho Tutelar Vila Curuçá,assistencia-social,"R. Dos Bandeirantes, 300 - Vila Curuçá, São Paulo, SP 03525-000","(11) 2546-1700",
CT Vila Formosa,Conselho Tutelar Vila Formosa,assistencia-social,"R. Canindé, 500 - Vila Formosa, São Paulo, SP 03041-120","(11) 2088-5900",
CT Vila Jacuí,Conselho Tutelar Vila Jacuí,assistencia-social,"Av. Jacuí, 500 - Vila Jacuí, São Paulo, SP 03280-000","(11) 2619-0300",
CT Cecap,Conselho Tutelar Cecap,assistencia-social,"R. Serra de Paracatu, 200 - Cecap, São Paulo, SP 02780-000","(11) 2931-7900",
CT Itaberaba,Conselho Tutelar Itaberaba,assistencia-social,"R. Borba Gato, 250 - Itaberaba, São Paulo, SP 02710-000","(11) 2923-3200",
CT Jaçanã,Conselho Tutelar Jaçanã,assistencia-social,"Av. Maranhão, 600 - Jaçanã, São Paulo, SP 02142-000","(11) 2942-8200",
CT Mandaqui,Conselho Tutelar Mandaqui,assistencia-social,"R. Cel. Falcão, 150 - Mandaqui, São Paulo, SP 02177-030","(11) 2953-3700",
CT Perus,Conselho Tutelar Perus,assistencia-social,"R. São João, 800 - Perus, São Paulo, SP 02791-000","(11) 3914-5400",
CT Pirituba,Conselho Tutelar Pirituba,assistencia-social,"R. Cipotânea, 100 - Pirituba, São Paulo, SP 05165-000","(11) 3913-9300",
CT São Domingos,Conselho Tutelar São Domingos,assistencia-social,"R. São Domingos, 300 - São Domingos, São Paulo, SP 02742-010","(11) 3913-4700",
CT Vila Brasilândia,Conselho Tutelar Vila Brasilândia,assistencia-social,"Av. Rio de Janeiro, 400 - Vila Brasilândia, São Paulo, SP 02893-000","(11) 3913-6800",
CT Vila Guilherme,Conselho Tutelar Vila Guilherme,assistencia-social,"R. Cel. Firmo Dias, 200 - Vila Guilherme, São Paulo, SP 02084-020","(11) 2953-0700",
CT Vila Maria,Conselho Tutelar Vila Maria,assistencia-social,"R. Comendador Assis, 150 - Vila Maria, São Paulo, SP 02131-320","(11) 2942-0900",
CT Bela Vista,Conselho Tutelar Bela Vista,assistencia-social,"R. Consolação, 500 - Bela Vista, São Paulo, SP 01301-100","(11) 3253-8600",
CT Pinheiros,Conselho Tutelar Pinheiros,assistencia-social,"R. Fradique Coutinho, 500 - Pinheiros, São Paulo, SP 05416-011","(11) 3097-4600",
CT Perdizes,Conselho Tutelar Perdizes,assistencia-social,"Av. Paulista, 1578 - Cerqueira César, São Paulo, SP 01311-200","(11) 3288-8600",
CT Vila Madalena,Conselho Tutelar Vila Madalena,assistencia-social,"R. Inambú, 150 - Vila Madalena, São Paulo, SP 05428-010","(11) 3097-5900",
CT Sumaré,Conselho Tutelar Sumaré,assistencia-social,"R. Alves Guimarães, 400 - Sumaré, São Paulo, SP 05432-010","(11) 3214-9100",
CT Butantã,Conselho Tutelar Butantã,assistencia-social,"Av. Corifeu de Oliveira, 1000 - Butantã, São Paulo, SP 05424-000","(11) 3098-5600",
CT Lapa,Conselho Tutelar Lapa,assistencia-social,"R. Santa Cruz, 500 - Lapa, São Paulo, SP 05070-020","(11) 3832-3600",
CT Campo Limpo,Conselho Tutelar Campo Limpo,assistencia-social,"R. Itanhaém, 500 - Campo Limpo, São Paulo, SP 05740-130","(11) 5830-8700",
CT Capão Redondo,Conselho Tutelar Capão Redondo,assistencia-social,"R. Tatuira, 300 - Capão Redondo, São Paulo, SP 05846-000","(11) 5830-9400",
CT Jardim Ângela,Conselho Tutelar Jardim Ângela,assistencia-social,"R. Francisca Rocha, 400 - Jardim Ângela, São Paulo, SP 04708-000","(11) 5840-1100",
CT Parelheiros,Conselho Tutelar Parelheiros,assistencia-social,"R. Intendente Camargo, 200 - Parelheiros, São Paulo, SP 04858-070","(11) 5844-7300",
CT Ipiranga,Conselho Tutelar Ipiranga,assistencia-social,"R. Vereda da Paz, 100 - Ipiranga, São Paulo, SP 04205-070","(11) 5070-5600",
CT Jabaquara,Conselho Tutelar Jabaquara,assistencia-social,"R. Capanema, 300 - Jabaquara, São Paulo, SP 04304-120","(11) 5070-6800",
CT Santo Amaro,Conselho Tutelar Santo Amaro,assistencia-social,"Av. Adolfo Pinheiro, 900 - Santo Amaro, São Paulo, SP 04735-005","(11) 5070-7900",
CT Socorro,Conselho Tutelar Socorro,assistencia-social,"R. Gago Coutinho, 200 - Socorro, São Paulo, SP 04750-020","(11) 5070-4400",
